Workbook

Sheet 3월
A1: AI 출결 입력
A2: 날짜 | B2: 번호+이름 | C2: 구분 | D2: 종류 | E2: 사유 | F2: 교시 | G2: 신고서 | H2: 첨부 | I2: Google Chat 발송상태 | J2: Google Chat 발송시각 | K2: Google Chat 결과 | L2: Google Chat 내용기준 | M2: AI 입력

Sheet 4월
A1: AI 출결 입력
A2: 날짜 | B2: 번호+이름 | C2: 구분 | D2: 종류 | E2: 사유 | F2: 교시 | G2: 신고서 | H2: 첨부 | I2: Google Chat 발송상태 | J2: Google Chat 발송시각 | K2: Google Chat 결과 | L2: Google Chat 내용기준 | M2: AI 입력

Sheet 5월
A1: AI 출결 입력
A2: 날짜 | B2: 번호+이름 | C2: 구분 | D2: 종류 | E2: 사유 | F2: 교시 | G2: 신고서 | H2: 첨부 | I2: Google Chat 발송상태 | J2: Google Chat 발송시각 | K2: Google Chat 결과 | L2: Google Chat 내용기준 | M2: AI 입력

Sheet 6월
A1: AI 출결 입력
A2: 날짜 | B2: 번호+이름 | C2: 구분 | D2: 종류 | E2: 사유 | F2: 교시 | G2: 신고서 | H2: 첨부 | I2: Google Chat 발송상태 | J2: Google Chat 발송시각 | K2: Google Chat 결과 | L2: Google Chat 내용기준 | M2: AI 입력

Sheet 7월
A1: AI 출결 입력
A2: 날짜 | B2: 번호+이름 | C2: 구분 | D2: 종류 | E2: 사유 | F2: 교시 | G2: 신고서 | H2: 첨부 | I2: Google Chat 발송상태 | J2: Google Chat 발송시각 | K2: Google Chat 결과 | L2: Google Chat 내용기준 | M2: AI 입력

Sheet 8월
A1: AI 출결 입력
A2: 날짜 | B2: 번호+이름 | C2: 구분 | D2: 종류 | E2: 사유 | F2: 교시 | G2: 신고서 | H2: 첨부 | I2: Google Chat 발송상태 | J2: Google Chat 발송시각 | K2: Google Chat 결과 | L2: Google Chat 내용기준 | M2: AI 입력

Sheet 9월
A1: AI 출결 입력
A2: 날짜 | B2: 번호+이름 | C2: 구분 | D2: 종류 | E2: 사유 | F2: 교시 | G2: 신고서 | H2: 첨부 | I2: Google Chat 발송상태 | J2: Google Chat 발송시각 | K2: Google Chat 결과 | L2: Google Chat 내용기준 | M2: AI 입력

Sheet 10월
A1: AI 출결 입력
A2: 날짜 | B2: 번호+이름 | C2: 구분 | D2: 종류 | E2: 사유 | F2: 교시 | G2: 신고서 | H2: 첨부 | I2: Google Chat 발송상태 | J2: Google Chat 발송시각 | K2: Google Chat 결과 | L2: Google Chat 내용기준 | M2: AI 입력

Sheet 11월
A1: AI 출결 입력
A2: 날짜 | B2: 번호+이름 | C2: 구분 | D2: 종류 | E2: 사유 | F2: 교시 | G2: 신고서 | H2: 첨부 | I2: Google Chat 발송상태 | J2: Google Chat 발송시각 | K2: Google Chat 결과 | L2: Google Chat 내용기준 | M2: AI 입력

Sheet 12월
A1: AI 출결 입력
A2: 날짜 | B2: 번호+이름 | C2: 구분 | D2: 종류 | E2: 사유 | F2: 교시 | G2: 신고서 | H2: 첨부 | I2: Google Chat 발송상태 | J2: Google Chat 발송시각 | K2: Google Chat 결과 | L2: Google Chat 내용기준 | M2: AI 입력

Sheet 1월
A1: AI 출결 입력
A2: 날짜 | B2: 번호+이름 | C2: 구분 | D2: 종류 | E2: 사유 | F2: 교시 | G2: 신고서 | H2: 첨부 | I2: Google Chat 발송상태 | J2: Google Chat 발송시각 | K2: Google Chat 결과 | L2: Google Chat 내용기준 | M2: AI 입력

Sheet 2월
A1: AI 출결 입력
A2: 날짜 | B2: 번호+이름 | C2: 구분 | D2: 종류 | E2: 사유 | F2: 교시 | G2: 신고서 | H2: 첨부 | I2: Google Chat 발송상태 | J2: Google Chat 발송시각 | K2: Google Chat 결과 | L2: Google Chat 내용기준 | M2: AI 입력

Sheet 설정
A1: 설정키 | B1: 값 | C1: 설명 | D1: 예시/필수

Sheet 학생명단
A1: 번호 | B1: 이름 | C1: 학생 Google 이메일

Sheet 메신저 개인톡 내용
A1: 보낼 날짜 | B1: 번호 | C1: 이름 | D1: 쪽지 종류 | E1: 쪽지 내용 | F1: 들어온 곳 | G1: 상태 | H1: 연결 표시 | I1: 보낸 시각 | J1: 결과

Sheet 메신저 단체톡 내용
A1: 보낼 날짜 | B1: 안내 종류 | C1: 안내 내용 | D1: 들어온 곳 | E1: 상태 | F1: 보낸 시각 | G1: 결과

Sheet 휴일
A1: 날짜 | B1: 명칭 | C1: 구분 | D1: 상태 | E1: 비고 | F1: 출처
A2: 46023 | B2: 신정 | C2: 공휴일 | D2: 공식 | E2: 우주항공청 2026 월력요항 기준 | F2: https://www.kasi.re.kr/kor/publication/post/newsMaterial/32031
A3: 46069 | B3: 설날 연휴 | C3: 공휴일 | D3: 공식 | E3: 우주항공청 2026 월력요항 기준 | F3: https://www.kasi.re.kr/kor/publication/post/newsMaterial/32031
A4: 46070 | B4: 설날 | C4: 공휴일 | D4: 공식 | E4: 우주항공청 2026 월력요항 기준 | F4: https://www.kasi.re.kr/kor/publication/post/newsMaterial/32031
A5: 46071 | B5: 설날 연휴 | C5: 공휴일 | D5: 공식 | E5: 우주항공청 2026 월력요항 기준 | F5: https://www.kasi.re.kr/kor/publication/post/newsMaterial/32031
A6: 46082 | B6: 삼일절 | C6: 공휴일 | D6: 공식 | E6: 일요일과 겹침 | F6: https://www.kasi.re.kr/kor/publication/post/newsMaterial/32031
A7: 46083 | B7: 대체공휴일(삼일절) | C7: 대체공휴일 | D7: 공식 | E7: 삼일절 대체공휴일 | F7: https://www.kasi.re.kr/kor/publication/post/newsMaterial/32031
A8: 46143 | B8: 노동절 | C8: 공휴일 | D8: 공식 | E8: 2026년 5월 1일부터 관공서 공휴일 반영 | F8: https://www.law.go.kr/LSW/lsInfoP.do?lsiSeq=285779&viewCls=lsRvsDocInfoR
A9: 46147 | B9: 어린이날 | C9: 공휴일 | D9: 공식 | E9: 법정 공휴일 | F9: https://www.kasi.re.kr/kor/publication/post/newsMaterial/32031
A10: 46166 | B10: 부처님오신날 | C10: 공휴일 | D10: 공식 | E10: 일요일과 겹침 | F10: https://www.kasi.re.kr/kor/publication/post/newsMaterial/32031
A11: 46167 | B11: 대체공휴일(부처님오신날) | C11: 대체공휴일 | D11: 공식 | E11: 부처님오신날 대체공휴일 | F11: https://www.kasi.re.kr/kor/publication/post/newsMaterial/32031
A12: 46176 | B12: 제9회 전국동시지방선거 | C12: 선거일 | D12: 공식 | E12: 중앙선거관리위원회 선거일정 | F12: https://img.nec.go.kr/common/board/Download.do?bcIdx=294445&cbIdx=1084&streFileNm=b7498932-8ad9-487c-ac6d-37b420175dc0.pdf
A13: 46179 | B13: 현충일 | C13: 공휴일 | D13: 공식 | E13: 토요일과 겹침 | F13: https://www.kasi.re.kr/kor/publication/post/newsMaterial/32031
... A65: 47112 | B65: 성탄절 | C65: 공휴일 | D65: 예상/법령계산 | E65: 2028 공식 월력요항 발표 전: 법령 기준 계산 | F65: https://time.is/ko/calendar/2028/South%20Korea

Sheet 드롭다운
A1: 구분 | B1: 종류 | C1: 교시 | D1: 제출상태 | E1: 휴일구분 | J1: 학생_번호이름
A2: 질병 | B2: 결석함 | C2: 1교시 | D2: 제출 | E2: 공휴일 | J2: =IF(AND('학생명단'!A2<>"",'학생명단'!B2<>""),'학생명단'!A2&'학생명단'!B2,"")
A3: 미인정 | B3: 지각함 | C3: 2교시 | D3: 미제출 | E3: 재량휴업일 | J3: =IF(AND('학생명단'!A3<>"",'학생명단'!B3<>""),'학생명단'!A3&'학생명단'!B3,"")
A4: 기타 | B4: 조퇴함 | C4: 3교시 | D4: 해당없음 | E4: 개교기념일 | J4: =IF(AND('학생명단'!A4<>"",'학생명단'!B4<>""),'학생명단'!A4&'학생명단'!B4,"")
A5: 출석인정 | B5: 결과함 | C5: 4교시 | E5: 기타 | J5: =IF(AND('학생명단'!A5<>"",'학생명단'!B5<>""),'학생명단'!A5&'학생명단'!B5,"")
C6: 5교시 | J6: =IF(AND('학생명단'!A6<>"",'학생명단'!B6<>""),'학생명단'!A6&'학생명단'!B6,"")
C7: 6교시 | J7: =IF(AND('학생명단'!A7<>"",'학생명단'!B7<>""),'학생명단'!A7&'학생명단'!B7,"")
C8: 7교시 | J8: =IF(AND('학생명단'!A8<>"",'학생명단'!B8<>""),'학생명단'!A8&'학생명단'!B8,"")
C9: 조회 | J9: =IF(AND('학생명단'!A9<>"",'학생명단'!B9<>""),'학생명단'!A9&'학생명단'!B9,"")
C10: 종례 | J10: =IF(AND('학생명단'!A10<>"",'학생명단'!B10<>""),'학생명단'!A10&'학생명단'!B10,"")
J11: =IF(AND('학생명단'!A11<>"",'학생명단'!B11<>""),'학생명단'!A11&'학생명단'!B11,"")
J12: =IF(AND('학생명단'!A12<>"",'학생명단'!B12<>""),'학생명단'!A12&'학생명단'!B12,"")
J13: =IF(AND('학생명단'!A13<>"",'학생명단'!B13<>""),'학생명단'!A13&'학생명단'!B13,"")
J14: =IF(AND('학생명단'!A14<>"",'학생명단'!B14<>""),'학생명단'!A14&'학생명단'!B14,"")
J15: =IF(AND('학생명단'!A15<>"",'학생명단'!B15<>""),'학생명단'!A15&'학생명단'!B15,"")
J16: =IF(AND('학생명단'!A16<>"",'학생명단'!B16<>""),'학생명단'!A16&'학생명단'!B16,"")
J17: =IF(AND('학생명단'!A17<>"",'학생명단'!B17<>""),'학생명단'!A17&'학생명단'!B17,"")
J18: =IF(AND('학생명단'!A18<>"",'학생명단'!B18<>""),'학생명단'!A18&'학생명단'!B18,"")
J19: =IF(AND('학생명단'!A19<>"",'학생명단'!B19<>""),'학생명단'!A19&'학생명단'!B19,"")
J20: =IF(AND('학생명단'!A20<>"",'학생명단'!B20<>""),'학생명단'!A20&'학생명단'!B20,"")
J21: =IF(AND('학생명단'!A21<>"",'학생명단'!B21<>""),'학생명단'!A21&'학생명단'!B21,"")
J22: =IF(AND('학생명단'!A22<>"",'학생명단'!B22<>""),'학생명단'!A22&'학생명단'!B22,"")
... J200: =IF(AND('학생명단'!A200<>"",'학생명단'!B200<>""),'학생명단'!A200&'학생명단'!B200,"")

Sheet 템플릿_치환표
A1: 자동으로 채워지는 자리 | B1: 값 출처 | C1: 적용 위치/규칙 | D1: 비고
A2: {{학교명}} | B2: Teacher Manager에 저장한 학교명 | C2: 하단 '{{학교명}}장 귀하' | D2: 기존 템플릿에 placeholder가 있을 때만 치환
A3: {{반번호}} | B3: Teacher Manager에 저장한 학급과 B열 학생 번호 | C3: 기존 코드의 반번호 자리 | D3: 예: 2-2 3번
A4: {{번호}} | B4: B열 번호+이름에서 번호 분리 | C4: 상단 번호 | D4: 예: 3김가온 → 3
A5: {{성명}} | B5: B열 번호+이름에서 이름 분리 | C5: 성명, 학생 서명 | D5: 예: 3김가온 → 김가온
A6: {{사유}} | B6: E열 사유 | C6: 사유, 확인내용
A7: {{연도}} | B7: A열 날짜/확인일 | C7: 기간 행에는 시작·종료 연도, 확인일 행에는 확인한 날짜의 연도 | D7: 신고서 양식에서 해당 자리를 자동으로 채움
A8: {{시작월}}, {{시작일}} | B8: A열 날짜 또는 연속결석 시작일 | C8: 결석·지각·조퇴·결과·확인일자 행 | D8: 확인일자 행에는 시작일을 사용
A9: {{종료월}}, {{종료일}} | B9: 연속결석 종료일 | C9: 결석 행에서만 사용 | D9: 결석이 아니면 비워 둠
A10: {{일수}} | B10: 연속 결석 수업일 수 | C10: 결석 행의 수업일 수 | D10: 주말과 휴일을 제외
A11: {{시작교시}}, {{종료교시}} | B11: F열 교시 | C11: 지각·조퇴·결과 행 | D11: 결과는 시작 교시와 종료 교시를 같게 채움
A12: {{확인월}}, {{확인일}} | B12: 종료 다음 수업일 | C12: 신고 날짜와 아래쪽 확인 날짜 | D12: 주말과 휴일을 제외
A13: {{학년}}, {{반}}, {{담임}} | B13: 설정 시트 | C13: 신고서 양식에 해당 자리가 있을 때 자동으로 채움 | D13: 해당 자리가 없으면 그대로 둠

Sheet 발송기록
A1: 발송시각 | B1: 종류 | C1: 대상 | D1: Chat방 | E1: 내용 미리보기 | F1: 결과 | G1: 오류

Sheet 00_사용법
A1: Teacher Manager 출결 사용 안내
A2: 순서 | B2: 작업 | C2: 설명
A3: 1 | B3: 처음 설정 | C3: Teacher Manager에서 출결 준비를 마친 뒤, 출석부 메뉴 [처음 한 번 설정하기 → 처음 설정 한 번에 끝내기]를 실행합니다.
A4: 2 | B4: 학생명단 | C4: 학생명단에 번호, 이름, 학생 Google 이메일을 각각 입력합니다.
A5: 3 | B5: 월별 출결 입력 | C5: 각 월의 맨 위 AI 출결 입력칸에 문장을 적거나, 3행부터 날짜·학생·구분·종류·사유를 입력합니다.
A6: 4 | B6: 학생 선택 | C6: 월별 출결표의 학생 선택목록은 학생명단의 번호와 이름으로 만들어집니다.
A7: 5 | B7: 신고서 | C7: 출결표에서 행을 선택한 뒤 [출결 업무 자동화 → 선택 행 출결신고서 Google Docs에 만들기]를 누릅니다.
A8: 6 | B8: Google Chat | C8: 발송상태·발송시각·결과를 월별 출결표에서 확인합니다.
A9: 7 | B9: 안내와 할 일 | C9: 메신저 개인톡 내용과 메신저 단체톡 내용에서 안내를 확인하고 출결 미제출 할 일을 관리합니다.
A10: 8 | B10: 휴일 | C10: 휴일 탭에서 학교의 수업일과 휴무일을 확인합니다.
